{
  "AEDAFN":19.139497,
  "AEDALL":25.898226,
  "AEDAMD":109.63583,
  "AEDANG":0.488034,
  "AEDAOA":226.413577,
  "AEDARS":221.031805,
  "AEDAUD":0.407708,
  "AEDAWG":0.49081,
  "AEDAZN":0.463285,
  "AEDBAM":0.486297,
  "AEDBBD":0.549611,
  "AEDBDT":29.874491,
  "AEDBGN":0.487776,
  "AEDBHD":0.102627,
  "AEDBIF":775.614247,
  "AEDBMD":0.272294,
  "AEDBND":0.361736,
  "AEDBOB":1.880986,
  "AEDBRL":1.333535,
  "AEDBSD":0.272207,
  "AEDBTC":6.364695e-6,
  "AEDBTN":22.654446,
  "AEDBWP":3.683549,
  "AEDBYN":0.89902,
  "AEDBYR":5336.966996,
  "AEDBZD":0.548701,
  "AEDCAD":0.364315,
  "AEDCDF":731.110051,
  "AEDCHF":0.232315,
  "AEDCLF":0.008758,
  "AEDCLP":241.655725,
  "AEDCNY":1.935059,
  "AEDCOP":1069.811372,
  "AEDCRC":141.45704,
  "AEDCUC":0.272294,
  "AEDCUP":7.215797,
  "AEDCVE":27.416151,
  "AEDCZK":6.153714,
  "AEDDJF":48.466708,
  "AEDDKK":1.862301,
  "AEDDOP":15.816633,
  "AEDDZD":36.637274,
  "AEDEGP":8.386743,
  "AEDERN":4.084414,
  "AEDETB":15.390223,
  "AEDEUR":0.249692,
  "AEDFJD":0.604302,
  "AEDFKP":0.214565,
  "AEDGBP":0.215186,
  "AEDGEL":0.731117,
  "AEDGGP":0.214565,
  "AEDGHS":3.243522,
  "AEDGIP":0.214565,
  "AEDGMD":18.304974,
  "AEDGNF":2340.056745,
  "AEDGTQ":2.129342,
  "AEDGYD":56.951224,
  "AEDHKD":2.127053,
  "AEDHNL":6.736514,
  "AEDHRK":1.901096,
  "AEDHTG":35.872749,
  "AEDHUF":94.471677,
  "AEDIDR":4230.581062,
  "AEDILS":1.004022,
  "AEDIMP":0.214565,
  "AEDINR":22.646044,
  "AEDIQD":356.6042,
  "AEDIRR":11449.972636,
  "AEDISK":37.57937,
  "AEDJEP":0.214565,
  "AEDJMD":42.020523,
  "AEDJOD":0.193164,
  "AEDJPY":39.566246,
  "AEDKES":42.954285,
  "AEDKGS":24.257415,
  "AEDKHR":1112.211883,
  "AEDKMF":122.51885,
  "AEDKPW":245.082167,
  "AEDKRW":359.071614,
  "AEDKWD":0.083757,
  "AEDKYD":0.226862,
  "AEDKZT":123.74479,
  "AEDLAK":5611.878947,
  "AEDLBP":4091.375529,
  "AEDLKR":87.902861,
  "AEDLRD":51.368301,
  "AEDLSL":5.109036,
  "AEDLTL":0.804014,
  "AEDLVL":0.164708,
  "AEDLYD":1.305341,
  "AEDMAD":2.687038,
  "AEDMDL":4.799064,
  "AEDMGA":1250.918656,
  "AEDMKD":15.359067,
  "AEDMMK":571.640117,
  "AEDMNT":931.629181,
  "AEDMOP":2.189155,
  "AEDMRU":10.804626,
  "AEDMUR":12.182499,
  "AEDMVR":4.193623,
  "AEDMWK":458.222618,
  "AEDMXN":4.636112,
  "AEDMYR":1.267248,
  "AEDMZN":17.222597,
  "AEDNAD":5.091875,
  "AEDNGN":248.468871,
  "AEDNIO":10.016336,
  "AEDNOK":2.814414,
  "AEDNPR":36.248708,
  "AEDNZD":0.438327,
  "AEDOMR":0.104796,
  "AEDPAB":0.272215,
  "AEDPEN":1.008572,
  "AEDPGK":1.016486,
  "AEDPHP":15.114506,
  "AEDPKR":76.694382,
  "AEDPLN":1.085008,
  "AEDPYG":1978.897696,
  "AEDQAR":0.991286,
  "AEDRON":1.241995,
  "AEDRSD":29.274633,
  "AEDRUB":24.800623,
  "AEDRWF":343.548859,
  "AEDSAR":1.021248,
  "AEDSBD":2.288348,
  "AEDSCR":3.627761,
  "AEDSDG":163.648898,
  "AEDSEK":2.798613,
  "AEDSGD":0.362583,
  "AEDSHP":0.345459,
  "AEDSLE":6.181441,
  "AEDSLL":5377.811051,
  "AEDSOS":155.480053,
  "AEDSRD":10.032948,
  "AEDSTD":5635.940894,
  "AEDSYP":3540.540372,
  "AEDSZL":5.086108,
  "AEDTHB":9.45952,
  "AEDTJS":2.979393,
  "AEDTMT":0.955753,
  "AEDTND":0.842887,
  "AEDTOP":0.639388,
  "AEDTRY":8.125872,
  "AEDTTD":1.847668,
  "AEDTWD":8.441339,
  "AEDTZS":683.458579,
  "AEDUAH":10.353559,
  "AEDUGX":1037.827596,
  "AEDUSD":0.272294,
  "AEDUYU":10.644225,
  "AEDUZS":3361.472389,
  "AEDVEF":976571.346546,
  "AEDVES":9.799729,
  "AEDVND":6638.533437,
  "AEDVUV":32.228643,
  "AEDWST":0.738905,
  "AEDXAF":163.098559,
  "AEDXAG":0.011863,
  "AEDXAU":0.000134,
  "AEDXCD":0.735889,
  "AEDXDR":0.202892,
  "AEDXOF":163.094836,
  "AEDXPF":29.802529,
  "AEDYER":68.162051,
  "AEDZAR":5.114039,
  "AEDZMK":2450.97535,
  "AEDZMW":7.016152,
  "AEDZWL":87.678632
}
